{"cameraMode":{"drawMode":0,"name":"Shaded","section":"Shading Mode"},"sceneLighting":true,"audioPlay":false,"sceneViewState":{"m_AlwaysRefresh":false,"showFog":true,"showSkybox":true,"showFlares":true,"showImageEffects":true,"showParticleSystems":true,"showVisualEffectGraphs":true,"m_FxEnabled":true},"in2DMode":false,"pivot":{"x":-1.663028597831726,"y":25.169002532958986,"z":-8.575030326843262},"rotation":{"x":-0.27222901582717898,"y":0.06289331614971161,"z":-0.017819156870245935,"w":-0.9600276350975037},"size":5.259912014007568,"orthographic":false}